timestamp,count,alert
2025-03-24 23:21:52,0,NORMAL
2025-03-24 23:21:52,0,NORMAL
2025-03-24 23:21:52,0,NORMAL
2025-03-24 23:21:52,0,NORMAL
2025-03-24 23:21:52,0,NORMAL
2025-03-24 23:21:52,0,NORMAL
2025-03-24 23:21:53,0,NORMAL
2025-03-24 23:21:53,0,NORMAL
2025-03-24 23:21:53,0,NORMAL
2025-03-24 23:21:53,0,NORMAL
2025-03-24 23:21:53,0,NORMAL
2025-03-24 23:21:53,0,NORMAL
2025-03-24 23:21:53,0,NORMAL
2025-03-24 23:21:53,0,NORMAL
2025-03-24 23:21:54,0,NORMAL
2025-03-24 23:21:54,0,NORMAL
2025-03-24 23:21:54,0,NORMAL
2025-03-24 23:21:54,0,NORMAL
2025-03-24 23:21:54,0,NORMAL
2025-03-24 23:21:54,0,NORMAL
2025-03-24 23:21:54,0,NORMAL
2025-03-24 23:21:54,0,NORMAL
2025-03-24 23:21:55,0,NORMAL
2025-03-24 23:21:55,0,NORMAL
2025-03-24 23:21:55,0,NORMAL
2025-03-24 23:21:55,0,NORMAL
2025-03-24 23:21:55,0,NORMAL
2025-03-24 23:21:55,0,NORMAL
2025-03-24 23:21:55,0,NORMAL
2025-03-24 23:21:55,0,NORMAL
2025-03-24 23:21:55,0,NORMAL
2025-03-24 23:21:56,0,NORMAL
2025-03-24 23:21:56,0,NORMAL
2025-03-24 23:21:56,0,NORMAL
2025-03-24 23:21:56,0,NORMAL
2025-03-24 23:21:56,0,NORMAL
2025-03-24 23:21:56,0,NORMAL
2025-03-24 23:21:56,0,NORMAL
2025-03-24 23:21:56,0,NORMAL
2025-03-24 23:21:56,0,NORMAL
2025-03-24 23:21:57,0,NORMAL
2025-03-24 23:21:57,0,NORMAL
2025-03-24 23:21:57,0,NORMAL
2025-03-24 23:21:57,0,NORMAL
2025-03-24 23:21:57,0,NORMAL
2025-03-24 23:21:57,0,NORMAL
2025-03-24 23:21:57,0,NORMAL
2025-03-24 23:21:57,0,NORMAL
2025-03-24 23:21:57,0,NORMAL
2025-03-24 23:21:58,0,NORMAL
2025-03-24 23:21:58,0,NORMAL
2025-03-24 23:21:58,0,NORMAL
2025-03-24 23:21:58,0,NORMAL
2025-03-24 23:21:58,0,NORMAL
2025-03-24 23:21:58,0,NORMAL
2025-03-24 23:21:58,0,NORMAL
2025-03-24 23:21:58,0,NORMAL
2025-03-24 23:21:59,0,NORMAL
2025-03-24 23:21:59,0,NORMAL
2025-03-24 23:21:59,0,NORMAL
2025-03-24 23:26:13,0,NORMAL
