timestamp,count,alert_status
2025-03-24 23:33:13,0,NORMAL
2025-03-24 23:33:13,0,NORMAL
2025-03-24 23:33:13,0,NORMAL
2025-03-24 23:33:13,0,NORMAL
2025-03-24 23:33:13,0,NORMAL
2025-03-24 23:33:13,0,NORMAL
2025-03-24 23:33:14,0,NORMAL
2025-03-24 23:33:14,0,NORMAL
2025-03-24 23:33:14,0,NORMAL
2025-03-24 23:33:14,0,NORMAL
2025-03-24 23:33:14,0,NORMAL
2025-03-24 23:33:14,0,NORMAL
2025-03-24 23:33:14,0,NORMAL
2025-03-24 23:33:14,0,NORMAL
2025-03-24 23:33:15,0,NORMAL
2025-03-24 23:33:15,0,NORMAL
2025-03-24 23:33:15,0,NORMAL
2025-03-24 23:33:15,0,NORMAL
2025-03-24 23:33:15,0,NORMAL
2025-03-24 23:33:15,0,NORMAL
2025-03-24 23:33:15,0,NORMAL
2025-03-24 23:33:15,0,NORMAL
2025-03-24 23:33:15,0,NORMAL
2025-03-24 23:33:16,0,NORMAL
2025-03-24 23:33:16,0,NORMAL
2025-03-24 23:33:16,0,NORMAL
2025-03-24 23:33:16,0,NORMAL
2025-03-24 23:33:16,0,NORMAL
2025-03-24 23:33:16,0,NORMAL
2025-03-24 23:33:16,0,NORMAL
2025-03-24 23:33:16,0,NORMAL
2025-03-24 23:33:17,0,NORMAL
2025-03-24 23:33:17,0,NORMAL
2025-03-24 23:33:17,0,NORMAL
2025-03-24 23:33:17,0,NORMAL
2025-03-24 23:33:17,0,NORMAL
2025-03-24 23:33:17,0,NORMAL
2025-03-24 23:33:17,0,NORMAL
2025-03-24 23:33:17,0,NORMAL
2025-03-24 23:33:18,0,NORMAL
2025-03-24 23:33:18,0,NORMAL
2025-03-24 23:33:18,0,NORMAL
2025-03-24 23:33:18,0,NORMAL
2025-03-24 23:33:18,0,NORMAL
2025-03-24 23:33:18,0,NORMAL
2025-03-24 23:33:18,0,NORMAL
2025-03-24 23:33:18,0,NORMAL
2025-03-24 23:33:19,0,NORMAL
2025-03-24 23:33:19,0,NORMAL
2025-03-24 23:33:19,0,NORMAL
2025-03-24 23:33:19,0,NORMAL
2025-03-24 23:33:19,0,NORMAL
2025-03-24 23:33:19,0,NORMAL
2025-03-24 23:33:19,0,NORMAL
2025-03-24 23:33:19,0,NORMAL
2025-03-24 23:33:19,0,NORMAL
2025-03-24 23:33:20,0,NORMAL
2025-03-24 23:33:20,0,NORMAL
2025-03-24 23:33:20,0,NORMAL
2025-03-24 23:33:20,0,NORMAL
2025-03-24 23:33:20,0,NORMAL
2025-03-24 23:33:20,0,NORMAL
2025-03-24 23:33:20,0,NORMAL
2025-03-24 23:33:20,0,NORMAL
2025-03-24 23:33:21,0,NORMAL
2025-03-24 23:33:21,0,NORMAL
2025-03-24 23:33:21,0,NORMAL
2025-03-24 23:33:21,0,NORMAL
2025-03-24 23:33:21,0,NORMAL
2025-03-24 23:33:21,0,NORMAL
2025-03-24 23:33:21,0,NORMAL
2025-03-24 23:33:21,0,NORMAL
2025-03-24 23:33:22,0,NORMAL
2025-03-24 23:33:22,0,NORMAL
2025-03-24 23:33:22,0,NORMAL
2025-03-24 23:33:22,0,NORMAL
2025-03-24 23:33:22,0,NORMAL
2025-03-24 23:33:22,0,NORMAL
2025-03-24 23:33:22,0,NORMAL
2025-03-24 23:33:23,0,NORMAL
2025-03-24 23:33:23,0,NORMAL
2025-03-24 23:33:23,0,NORMAL
2025-03-24 23:33:23,0,NORMAL
2025-03-24 23:33:23,0,NORMAL
2025-03-24 23:33:23,0,NORMAL
2025-03-24 23:33:23,0,NORMAL
2025-03-24 23:33:23,0,NORMAL
2025-03-24 23:33:24,0,NORMAL
2025-03-24 23:33:24,0,NORMAL
2025-03-24 23:33:24,0,NORMAL
2025-03-24 23:33:24,0,NORMAL
2025-03-24 23:33:24,0,NORMAL
2025-03-24 23:33:24,0,NORMAL
2025-03-24 23:33:24,0,NORMAL
2025-03-24 23:33:25,0,NORMAL
2025-03-24 23:33:25,0,NORMAL
2025-03-24 23:33:25,0,NORMAL
2025-03-24 23:33:25,0,NORMAL
2025-03-24 23:33:25,0,NORMAL
2025-03-24 23:33:25,0,NORMAL
2025-03-24 23:33:25,0,NORMAL
2025-03-24 23:33:25,0,NORMAL
2025-03-24 23:33:26,0,NORMAL
2025-03-24 23:33:26,0,NORMAL
2025-03-24 23:33:26,0,NORMAL
2025-03-24 23:33:26,0,NORMAL
2025-03-24 23:33:26,0,NORMAL
2025-03-24 23:33:26,0,NORMAL
2025-03-24 23:33:27,0,NORMAL
2025-03-24 23:33:27,0,NORMAL
2025-03-24 23:33:27,0,NORMAL
2025-03-24 23:33:27,0,NORMAL
